en,th
"different from the information in the net, the beach is clean, calm ans nice for families. it is easy accessible, with a lot of options for cheap and tasty street food.",แตกต่างจากข้อมูลในเน็ตชายหาดสะอาดสงบและดีสำหรับครอบครัว มันสามารถเข้าถึงได้ง่ายมีตัวเลือกมากมายสำหรับอาหารริมถนนราคาถูกและอร่อย
"a busy but exciting beach with plenty of exiting opportunities for sports etc. excellent local restaura- nts and bars, shops etc.",ชายหาดที่วุ่นวาย แต่น่าตื่นเต้นพร้อมโอกาสมากมายสำหรับการเล่นกีฬา ฯลฯ ร้านอาหารและบาร์ท้องถิ่นที่ยอดเยี่ยมร้านค้า ฯลฯ
besides the location not much going for it especially as there are so many fantastic beaches all around patong and phuket in general.,นอกจากทำเลที่ตั้งไม่ค่อยไปโดยเฉพาะอย่างยิ่งเพราะมีชายหาดที่ยอดเยี่ยมมากมายรอบ ๆ ป่าตองและภูเก็ตโดยทั่วไป
"patong beach was absolutely amazing. there are a bunch of restaurants that will provide you with great food and some shade when you need a break from the water. jet skis, parasailing and various water activities also await you here. i was here for new years eve and the beach.",หาดป่าตองเป็นสิ่งที่น่าอัศจรรย์อย่างยิ่ง มีร้านอาหารมากมายที่จะช่วยให้คุณได้รับอาหารอร่อยและร่มเงาเมื่อคุณต้องการหยุดพักจากน้ำ เจ็ทสกีพาราเซลลิ่งและกิจกรรมทางน้ำมากมายรอคุณอยู่ที่นี่ ฉันอยู่ที่นี่เพื่อปีใหม่และชายหาด
"the beach and restaurants are ok, do not come here for a relaxing holiday. come here when you want to party and to date. the area has very nice places to visit. the traffic is busy and the distances to the nice sceneries to visit james bond rock it is about km.",ชายหาดและร้านอาหารโอเคอย่ามาที่นี่สำหรับวันหยุดพักผ่อนที่ผ่อนคลาย มาที่นี่เมื่อคุณต้องการปาร์ตี้และนัดเดท พื้นที่มีสถานที่ที่ดีมากในการเยี่ยมชม การจราจรไม่ว่างและระยะทางไปยังฉากที่ดีในการเยี่ยมชมหินบอนด์เจมส์ที่อยู่ห่างออกไปประมาณกิโลเมตร
"not a nice beach, over crowded and dirty. would definitely avoid if possible. but if that did not bother you than give it a go.",ไม่ใช่ชายหาดที่สวยงามแออัดและสกปรก จะหลีกเลี่ยงอย่างแน่นอนถ้าเป็นไปได้ แต่ถ้านั่นไม่ได้รบกวนคุณมากกว่าปล่อยมันไป
i was very surprised how clean the beach was and even over new years it never felt too busy. clear water. some nice beach bars along the front too.,ฉันประหลาดใจมากที่ชายหาดสะอาดและแม้กระทั่งในช่วงปีใหม่มันไม่เคยรู้สึกยุ่งเกินไป น้ำใส. มีบาร์ริมหาดที่ดีอยู่ด้านหน้าเช่นกัน
"very beautiful beach but very crowded. too many water excursion people and long tail boats. will recommend paradise beach, the best beach in phuket, there is entrance fee of bahts bt its worth paying. should also visit karon and kata beach, very clear water and very.",ชายหาดที่สวยงามมาก แต่แออัดมาก คนเที่ยวน้ำมากเกินไปและเรือหางยาว จะแนะนำหาดสวรรค์ซึ่งเป็นชายหาดที่ดีที่สุดในจังหวัดภูเก็ตมีค่าเข้าชมบาทจ่ายไป ควรไปที่หาดกะรนและกะตะน้ำใสมาก ๆ
"great beach for relaxing and people watching. beautifully clean, there is a no smoking policy in place on the beach now but plenty of smoking areas. great food and drink stands catering for every taste. the chicken kebabs and the potato skewers are lovely. there are plenty of.",ชายหาดที่ดีสำหรับการพักผ่อนและผู้คนที่ดู สะอาดอย่างสวยงามมีนโยบายห้ามสูบบุหรี่บนชายหาดตอนนี้ แต่พื้นที่สูบบุหรี่มากมาย อาหารและเครื่องดื่มที่ยอดเยี่ยมย่อมาจากอาหารทุกรสชาติ เคบับไก่และมันฝรั่งเสียบไม้น่ารัก มีมากมาย
we went to celebrity ink and were more than impressed patrick went above and beyond to make sure everything went better than we could imagine. if you are looking for a tattoo this is definitely the place to go,เราไปที่หมึกผู้มีชื่อเสียงและยิ่งใหญ่กว่าแพทริคที่ประทับใจไปเกินกว่าที่จะทำให้แน่ใจว่าทุกอย่างดีขึ้นกว่าที่เราจะจินตนาการได้ หากคุณกำลังมองหารอยสักนี่เป็นสถานที่ที่จะไปแน่นอน
"we have been to patong beach many times with our children & and while it is a very busy place and you will be asked 100s of times if you want to buy something, it can still be a relaxing place. the surf is so small that the kids are safe to swim in it. you can sit.",เราเคยไปที่หาดป่าตองหลายครั้งกับลูก ๆ ของเรา & และในขณะที่มันเป็นสถานที่ที่วุ่นวายมากและคุณจะถูกถาม 100s ครั้งถ้าคุณต้องการซื้ออะไรก็ยังคงเป็นสถานที่ผ่อนคลาย คลื่นมีขนาดเล็กมากจนเด็ก ๆ สามารถว่ายน้ำได้อย่างปลอดภัย คุณสามารถนั่ง
"beach it itself is clean enough unlike others i have visited in thailand, but given an average score as prices are high for sunbed use, drinks and food. it is hard to relax due to the number of people trying to sell you sunglasses, jewellery and anything else you can think of",ชายหาดมันสะอาดพอไม่เหมือนที่อื่น ๆ ที่ฉันเคยไปเที่ยวมาในประเทศไทย แต่ได้คะแนนเฉลี่ยเพราะราคาสูงสำหรับการใช้เตียงอาบแดดเครื่องดื่มและอาหาร มันยากที่จะผ่อนคลายเนื่องจากมีคนจำนวนหนึ่งที่พยายามขายแว่นตากันแดดเครื่องประดับและสิ่งอื่น ๆ ที่คุณนึกออก
"it has the most popular beach in phuket filled up with tourists till sunset. i would'nt recommend it to you if you are looking for some me time as it is always crowded but i will not give it a bad review for that as well.",มีชายหาดที่เป็นที่นิยมมากที่สุดในจังหวัดภูเก็ตที่เต็มไปด้วยนักท่องเที่ยวจนถึงพระอาทิตย์ตก ฉันจะไม่แนะนำให้คุณถ้าคุณกำลังมองหาบางเวลาฉันเพราะมันแออัดเสมอ แต่ฉันจะไม่ให้รีวิวที่ไม่ดีสำหรับมันเช่นกัน
"bangla road is over- estimated and expensive. it is quiet in the morning and extremely busy and overcrowded at night. the saying if it is too loud, you are too old might be applicable, though my experience is too loud, too busy and too expensive. be careful they sell fake.",ถนนบางลาสูงเกินคาดและมีราคาแพง มันเงียบในตอนเช้าและยุ่งมากและแน่นเกินไปในเวลากลางคืน คำพูดที่ว่าถ้าดังเกินไปคุณจะแก่เกินไปอาจใช้ได้แม้ว่าประสบการณ์ของฉันจะดังเกินไปยุ่งเกินไปและแพงเกินไป ระวังพวกเขาขายของปลอม
overcrowded with very rude europeans unfortunately. the typical asian beach experience. full of sun loungers and people hounding you to purchase goods.,แออัดไปด้วยชาวยุโรปที่หยาบคายมาก ประสบการณ์ชายหาดเอเชียทั่วไป เก้าอี้อาบแดดเต็มไปด้วยผู้คนคอยให้คุณซื้อสินค้า
"if you are staying in patong, this is an easy clean cute beach to access. just a basic beach, must get there early if you want shade or a lounge chair. they need to add more chairs, that is my only complaint. but for a free, local easy access beach. it works obviously, it has.",หากคุณพักในป่าตองนี่เป็นชายหาดที่น่ารักที่สะอาดและเข้าถึงได้ง่าย แค่ชายหาดธรรมดาต้องไปถึงก่อนถ้าคุณต้องการร่มเงาหรือเก้าอี้เลานจ์ พวกเขาจำเป็นต้องเพิ่มเก้าอี้มากขึ้นนั่นคือข้อร้องเรียนของฉันเท่านั้น แต่ฟรีชายหาดเข้าถึงได้ง่ายในท้องถิ่น มันใช้งานได้อย่างชัดเจนมันมี
"patong beach is of the worst beaches i have been to in thailand, as it is overcrowded with tourists and dirty. there were no nice food stands to order from, so it can not even touch beaches in hua hin, pattaya and koh chang to name a few. katong beach which is the nearest.",หาดป่าตองเป็นหนึ่งในชายหาดที่เลวร้ายที่สุดที่ฉันเคยไปมาในประเทศไทยเพราะมีนักท่องเที่ยวหนาแน่นและสกปรก ไม่มีอาหารที่ดีที่จะสั่งจากดังนั้นมันจึงไม่สามารถสัมผัสชายหาดในหัวหินพัทยาและเกาะช้างเพื่อชื่อไม่กี่ หาดกะตงซึ่งเป็นหาดที่ใกล้ที่สุด
"patong beach patong of all the places in the world to take off my sandals and stroll the beach, this one is it. simply stated, access to this beach is an eye blink from along the roadside where finds para sailing of the most fascinating activities, along.",หาดป่าตองป่าตองของทุกสถานที่ในโลกที่จะถอดรองเท้าของฉันและเดินเล่นที่ชายหาดอันนี้ก็คือ เพียงกล่าวว่าการเข้าถึงชายหาดนี้จะกะพริบตาจากริมถนนซึ่งพบว่ามีการแล่นเรือใบของกิจกรรมที่น่าสนใจที่สุดพร้อม
"we spent nye wandering along bangla road. what a wild and crazy atmosphere not a place to bring your children, even on non holiday evenings nights though.",เราใช้เวลาที่เย่เดินไปตามถนนบางลา ช่างเป็นบรรยากาศที่บ้าคลั่งและไม่ได้เป็นสถานที่ที่จะพาลูก ๆ ของคุณมาด้วยแม้ในช่วงวันหยุดตอนกลางคืน
"wondrerful white sandy beach. many beach clubs with amenities- pools, food, drinks poolside or seated in pools, showers and toilet facilities. water from andaman sea is calm and nice to float in skidoos and kite sailing available. everything for beach lovers like me",หาดทรายสีขาวมหัศจรรย์ คลับริมหาดหลายแห่งที่มีสิ่งอำนวยความสะดวกเช่นสระว่ายน้ำอาหารเครื่องดื่มริมสระน้ำหรือนั่งในสระน้ำฝักบัวและสิ่งอำนวยความสะดวกในห้องน้ำ น้ำจากทะเลอันดามันนั้นสงบและดีที่จะล่องลอยใน skidoos และการเล่นว่าว ทุกอย่างสำหรับคนรักชายหาดอย่างฉัน
we decided to spend christmas day at patong beach as we had been planning since early october the beach was fairly crowded and the water is a bit dirty in comparison to other thai beaches but overall it was a nice experience. we found some space among the people.,เราตัดสินใจที่จะใช้เวลาวันคริสต์มาสที่หาดป่าตองเนื่องจากเราวางแผนมาตั้งแต่ต้นเดือนตุลาคมชายหาดค่อนข้างแออัดและน้ำค่อนข้างสกปรกเมื่อเทียบกับชายหาดไทยอื่น ๆ แต่โดยรวมแล้วมันเป็นประสบการณ์ที่ดี เราพบที่ว่างในหมู่คน
"the patong beach is very well maintained. beach and water are fairly clean, with many water activities to do. swimmers are separated from all the other activities so you can enjoy your swim in peace. there are a lots of restaurants, bars and cafes along the beach, as well as.",หาดป่าตองได้รับการดูแลอย่างดี ชายหาดและน้ำค่อนข้างสะอาดมีกิจกรรมทางน้ำมากมายให้ทำ นักว่ายน้ำแยกออกจากกิจกรรมอื่น ๆ ทั้งหมดเพื่อให้คุณสามารถเพลิดเพลินกับการว่ายน้ำอย่างสงบ มีร้านอาหารบาร์และร้านกาแฟมากมายตามชายหาดรวมทั้ง
we was staying in patong for weeks and went to the beach most days it is a long beach if you walk from ent to the other can be a bit busy john,เราพักในป่าตองเป็นเวลาหลายสัปดาห์และไปที่ชายหาดเกือบทุกวันมันเป็นหาดยาวถ้าคุณเดินจากเอนท์ไปที่อื่น ๆ อาจยุ่งจอห์น
"beach gets very busy but if you get there early enough to watch the sunrise it is amazing and peaceful. we also walked on the beach every night, it is very safe with lots of other people walking on the beach.",ชายหาดจะยุ่งมาก แต่ถ้าคุณไปถึงที่นั่นเร็วพอที่จะดูพระอาทิตย์ขึ้นมันน่าอัศจรรย์และเงียบสงบ เรายังเดินบนชายหาดทุกคืนมันปลอดภัยมากมีผู้คนมากมายที่เดินบนชายหาด
"very nice beach. great place for families. children can have great fun. very safe and secure. all kinds of rides available. para sailing, jet ski 's, banana boats and all. lots of good eating places in vicinity.",ชายหาดที่ดีมาก สถานที่ที่เหมาะสำหรับครอบครัว เด็ก ๆ สามารถมีความสุขได้ ปลอดภัยมากและปลอดภัย มีเครื่องเล่นทุกชนิด แล่นเรือใบเจ็ทสกีเรือกล้วยและอื่น ๆ สถานที่รับประทานอาหารที่ดีมากมายในบริเวณใกล้เคียง
"comparing to other beaches in thailand this is not by far the best beach. it has severall water sports available, like jet ski, parasailing, banana towed by speed boat. it has umbrellas with chairs for renting by baht per dy.",เมื่อเปรียบเทียบกับชายหาดอื่น ๆ ในประเทศไทยนี่ไม่ใช่ชายหาดที่ดีที่สุด มันมีกีฬาทางน้ำที่ใช้ได้ทั้งหมดเช่นเจ็ทสกีพาราเซลลิงกล้วยลากโดยเรือเร็ว มันมีร่มพร้อมเก้าอี้ให้เช่าต่อบาท
"we really enjoyed swimming & relaxing on the patong beach, it was just walk to our hotel. there is so much to do here, swimming, jet skii, parasailing. my daughter really enjoyed it here. while in the beach, do not forget to enjoy their pancakes & make your own icecream with.",เรามีความสุขกับการว่ายน้ำ & พักผ่อนบนชายหาดป่าตองมันแค่เดินไปที่โรงแรมของเรา มีหลายอย่างให้ทำที่นี่ว่ายน้ำเจ็ตสกีพาราเซลลิ่ง ลูกสาวของฉันมีความสุขที่นี่จริง ๆ ในขณะที่อยู่บนชายหาดอย่าลืมเพลิดเพลินกับแพนเค้กและทำไอศครีมของคุณเองด้วย
"it can get a bit crowded, busy and noisy, but it is a very good place to watch the sunset, but it is a very convenient beach with a lot of shops and restaurants, not so perfect for couples who look for romantic holidays but perfect for family.",มันสามารถรับได้ค่อนข้างแออัดวุ่นวายและมีเสียงดัง แต่เป็นสถานที่ที่ดีมากในการชมพระอาทิตย์ตก แต่มันเป็นชายหาดที่สะดวกมากที่มีร้านค้าและร้านอาหารมากมายไม่เหมาะสำหรับคู่รักที่มองหาวันหยุดแสนโรแมนติก แต่สมบูรณ์แบบ สำหรับครอบครัว
"thailand has some of the most beautiful beaches in the world and patong beach is of them. offering different kinds of water sports and a sea as warm as a bath. plenty of beach sellers selling anything from cold drinks to sunglasses. the seller 's are very nice and if you.",ประเทศไทยมีชายหาดที่สวยที่สุดในโลกและหาดป่าตองเป็นของพวกเขา นำเสนอกีฬาทางน้ำประเภทต่างๆและทะเลที่อบอุ่นราวกับอ่างอาบน้ำ ผู้ขายริมหาดมากมายที่ขายของทุกอย่างตั้งแต่เครื่องดื่มเย็นไปจนถึงแว่นกันแดด ผู้ขายเป็นคนดีมากและถ้าคุณ
"usa resident and international traveler here i was not at all impressed with patong. save yourself a trip and go to the mexican riviera maya instead. the beach was dirty, the streets stink, and the hustlers on and around the beach are overwhelming. everyone said this place.",ที่อาศัยอยู่ในสหรัฐอเมริกาและนักท่องเที่ยวต่างชาติที่นี่ฉันไม่ประทับใจเลยกับป่าตอง บันทึกการเดินทางของคุณและไปที่มายาริเวียร่ามายาแทน ชายหาดสกปรกถนนมีกลิ่นเหม็นและนักธุรกิจที่เดินทอดน่องไปรอบ ๆ ทุกคนพูดที่นี่
"stayed at blue ocean resort. easy walk to patong beach passing many restaurants, bars & shops. longboat rides, jet skis & parachuting or just lazing on the beach. plenty of opportunities to book a variety of trips to other islands or places of interest.",พักที่บลูโอเชี่ยนรีสอร์ท เดินไปหาดป่าตองได้ง่ายผ่านร้านอาหารบาร์และร้านค้ามากมาย ขี่เรือยาวเจ็ทสกีและกระโดดร่มหรือแค่พักผ่อนบนชายหาด โอกาสมากมายที่จะจองทริปที่หลากหลายไปยังเกาะอื่น ๆ หรือสถานที่น่าสนใจ
dirty looking water beach attractions that seemed a total rip off mainly parachute crack. after watching i timed the air time and a disgusting minute seconds for something like baht,สถานที่ท่องเที่ยวทางน้ำสกปรกมองชายหาดที่ดูเหมือนจะฉีกออกทั้งหมดส่วนใหญ่แตกร่มชูชีพ หลังจากดูฉันจับเวลาเวลาอากาศและวินาทีที่น่าขยะแขยงสำหรับสิ่งที่ต้องการเงินบาท
"beautiful white sand beach, a little crowded and noisy in high season. amazing water, warm and clean i recommend fresh fruit juices sold by merchants near the beach. are excellent",หาดทรายขาวสวยงามมีผู้คนพลุกพล่านและมีเสียงดังในฤดูท่องเที่ยว น้ำที่น่าตื่นตาตื่นใจอบอุ่นและสะอาดฉันแนะนำน้ำผลไม้สดขายโดยพ่อค้าใกล้ชายหาด ยอดเยี่ยมมาก
of the most spectacular beaches of asia drawing tourists from around the world and filled with activity. the beach is clean and lined with a wide variety of bars and eateries providing seafood and other food for lunch and dinner. weather is pleasant during winter months and.,ของชายหาดที่งดงามที่สุดของเอเชียดึงดูดนักท่องเที่ยวจากทั่วโลกและเต็มไปด้วยกิจกรรม ชายหาดสะอาดและเรียงรายไปด้วยบาร์และร้านอาหารมากมายที่ให้บริการอาหารทะเลและอาหารอื่น ๆ สำหรับมื้อกลางวันและมื้อค่ำ อากาศสบายในช่วงฤดูหนาวและเดือน
"the northern end near gracelands is nicer, with less people and cleaner water. for a couple baht you can get a sun lounge under an umbrella for the day. drinks are there and food carts. the security guys at gracelands help you to navigate the road crossing. there has.",ตอนเหนือสุดใกล้กับ gracelands คือ nicer มีคนน้อยและน้ำสะอาด สำหรับสองสามบาทคุณสามารถอาบแดดใต้ร่มสำหรับวัน เครื่องดื่มและรถเข็นอาหาร เจ้าหน้าที่รักษาความปลอดภัยที่เกรซแลนด์ช่วยคุณนำทางข้ามถนน มี
we went there on the. crowded but lots of activities. my granddaughter enjoyed herself. sure will visit. again,เราไปที่นั่นด้วย. แออัด แต่มีกิจกรรมมากมาย หลานสาวของฉันมีความสุขกับตัวเอง แน่นอนว่าจะไป อีกครั้ง
"a lot of people, famous walking street- bangla road is here. but if you come with children recommender find more quiet place for vacation.",ผู้คนมากมายถนนคนเดินที่มีชื่อเสียงถนนบางลาอยู่ที่นี่ แต่ถ้าคุณมากับเด็ก ๆ ผู้แนะนำจะพบกับสถานที่ที่เงียบสงบกว่าสำหรับวันหยุดพักผ่อน
"this beach probably is the worst in phuket. too many people, garbage left everywhere, very little swimming area, dirty water because most of it is taken by the watercraft and boats. noisy because too close to the main road. do not expect to lay down in paradise is not",ชายหาดนี้น่าจะเลวร้ายที่สุดในภูเก็ต มีคนจำนวนมากขยะทิ้งไปทุกที่บริเวณสระว่ายน้ำน้อยมากน้ำสกปรกเพราะส่วนใหญ่เป็นเรือและเรือ เสียงดังเพราะใกล้ถนนใหญ่เกินไป อย่าคาดหวังว่าจะนอนลงบนสวรรค์ไม่ได้
this beach is not the best in phuket. there are many beaches better and more clean to visit during your stay. it is location is amazing. near patong market. i went to it only once during my stay.,ชายหาดนี้ไม่ดีที่สุดในภูเก็ต มีชายหาดหลายแห่งที่ดีกว่าและสะอาดกว่าให้เยี่ยมชมระหว่างการพักของคุณ มันเป็นสถานที่ที่น่าตื่นตาตื่นใจ ใกล้ตลาดป่าตอง ฉันไปที่นั่นครั้งเดียวระหว่างที่ฉันพัก
"my husband, our years old son and i went to patong beach. my son like the beach so much. as you walk pass by, there will be locals promoting jetski & parachuting. they a bit quite pushy, we politely reject them as we are not interested, they keep mumbling non- stop. they are very rude & not friendly. phuket is not a friendly spot. if can, try to avoid this place. otherwise your holidays going to be spoiled by their sh*t attitude",สามีของฉันลูกชายวัยชราของเราและฉันไปที่หาดป่าตอง ลูกชายของฉันชอบชายหาดมาก ขณะที่คุณเดินผ่านจะมีชาวบ้านที่ส่งเสริม jetski และกระโดดร่ม พวกเขาค่อนข้างเร่งเร้าเราปฏิเสธพวกเขาอย่างสุภาพในขณะที่เราไม่สนใจพวกเขาพูดพึมพำไม่หยุดยั้ง พวกเขาหยาบคายมากและไม่เป็นมิตร ภูเก็ตไม่ใช่สถานที่ที่เป็นมิตร ถ้าทำได้ให้พยายามหลีกเลี่ยงสถานที่นี้ มิฉะนั้นวันหยุดของคุณจะถูกทำลายโดยทัศนคติ sh * t ของพวกเขา
"loungers and umberella cost baths. they make sure there is no sand on lounger and place your towel on it towels can be rented if needed. plenty of women coming round to see if you want a drink or fresh fruit, all reasonably priced. sea quite calm no big waves",เก้าอี้อาบแดดและอ่างอาบน้ำราคา umberella พวกเขาทำให้แน่ใจว่าไม่มีทรายบนเก้าอี้และวางผ้าเช็ดตัวของคุณบนมันสามารถเช่าผ้าเช็ดตัวถ้าจำเป็น ผู้หญิงจำนวนมากมารอบเพื่อดูว่าคุณต้องการเครื่องดื่มหรือผลไม้สดราคาสมเหตุสมผลทั้งหมด ทะเลค่อนข้างสงบไม่มีคลื่นลูกใหญ่
all hotels are off the beach and that is ok. make sure you get to the beach early to get a lounge chair. reserve with alex the charge for chairs and an umbrella is bhats. if you reserve for the next day it costs you bhats but you get preferential treatment and an extra umbrella. eat the food off the carts on the beach it is amazingly good. find if the ice cream guy he is very knowledgeable and can speak good english. massages are better and less expensive off the beach. the water is amazing and the sun is very strong. i did not spend time in the sun and came back with a nice tan. do not bring too many clothes as laundry services are available everywhere for bhats per kilo. you can change money almost anywhere and the people are amazing. there are more stores in patong beach than in canada every street corner has at least. pharmacies are also everywhere. eat street food at the night markets it is amazing. have fun bring sun screen. be careful crossing the streets as the experience is like dodging bulls. russian roulette.,โรงแรมทั้งหมดอยู่นอกชายหาดและก็ใช้ได้ ให้แน่ใจว่าคุณไปที่ชายหาดก่อนเพื่อรับเก้าอี้เลานจ์ จองกับ alex ค่าใช้จ่ายสำหรับเก้าอี้และร่มเป็น bhats หากคุณจองในวันถัดไปคุณจะต้องเสียค่าใช้จ่าย แต่คุณจะได้รับสิทธิพิเศษและร่มพิเศษ กินอาหารนอกรถเข็นบนชายหาดมันเป็นสิ่งที่ดีอย่างน่าอัศจรรย์ ค้นหาว่าคนที่แต่งตัวประหลาดไอศครีมเขามีความรู้มากและสามารถพูดภาษาอังกฤษได้ดี การนวดจะดีกว่าและราคาไม่แพงจากชายหาด น้ำนั้นวิเศษมากและแสงอาทิตย์ก็แรงมาก ฉันไม่ได้ใช้เวลาในดวงอาทิตย์และกลับมาพร้อมกับผิวสีแทนสวย อย่านำเสื้อผ้ามากเกินไปเพราะมีบริการซักรีดทุกแห่งในราคาต่อหนึ่งกิโลกรัม คุณสามารถเปลี่ยนเงินได้เกือบทุกที่และผู้คนน่าทึ่ง มีร้านค้ามากมายในหาดป่าตองกว่าในแคนาดาทุกมุมถนนมีอย่างน้อย ร้านขายยาก็มีทุกที่ กินอาหารข้างทางที่ตลาดโต้รุ่งมันวิเศษมาก มีความสนุกสนานนำหน้าจอดวงอาทิตย์ ระวังการข้ามถนนเพราะประสบการณ์เป็นเหมือนการหลบฝูงวัว รูเล็ตรัสเซีย
"been to thailand bangkok, phuket and phi phi islands, but i would vouch for my days at phuket, they were so awesome. the place is so welcoming and so full of life, a lot of activities around the beach. and the waters are warm and so blue. if i am to come back to thailand, all my days would be spent in phuket along patong beach.",เคยไปกรุงเทพประเทศไทยเกาะภูเก็ตและเกาะพีพี แต่ฉันจะรับรองวันเวลาของฉันที่ภูเก็ตพวกเขายอดเยี่ยมมาก เป็นสถานที่ที่ให้การต้อนรับและเต็มไปด้วยชีวิตกิจกรรมมากมายรอบ ๆ ชายหาด และน้ำก็อุ่นและน้ำเงิน ถ้าฉันจะกลับมาเมืองไทยทุกวันของฉันจะถูกใช้ในภูเก็ตตามชายหาดป่าตอง
"lovely clean beach with various things to do. massages on the beach, jet skis and more. close to the hotel and stunning views.",ชายหาดที่น่ารักสะอาดมีกิจกรรมน่าสนใจมากมาย การนวดบนชายหาดเจ็ทสกีและอื่น ๆ ใกล้กับโรงแรมและวิวที่สวยงาม
great beach on phuket. the town is a dump. they have roped areas for swimming. chair and umbrella rentals are available for baht.,ชายหาดที่ดีในจังหวัดภูเก็ต เมืองนี้เป็นกองขยะ พวกเขามีพื้นที่เชือกสำหรับว่ายน้ำ เก้าอี้และร่มให้เช่า
"this is not my kind of place at all. too many bodies, chairs, beds, umbrellas all on top of each other. there is no personal space. it probably is not, but it feels dirty. hated it.","นี่ไม่ใช่สถานที่ของฉันเลย ร่างกาย, เก้าอี้, เตียง, ร่มมากเกินไป ไม่มีพื้นที่ส่วนตัว มันอาจจะไม่ใช่ แต่รู้สึกสกปรก เกลียดมัน"
clean beach too many people though and a lot of touting by people selling stuff. it is annoying when you are having a conversation with someone or enjoying a quiet moment staring into the sea and sunset with a beer. it is worth a visit because it has conveniently located beside bangla street. nice sun set but could not see it setting over the horizon. popular common beach,ชายหาดสะอาดเกินไปผู้คนมากมายแม้ว่าจะมีคนขายสิ่งของเยอะ มันน่ารำคาญเมื่อคุณกำลังสนทนากับใครบางคนหรือเพลิดเพลินกับช่วงเวลาที่เงียบสงบจ้องมองทะเลและพระอาทิตย์ตกด้วยเบียร์ มันคุ้มค่าแก่การมาเยี่ยมชมเพราะตั้งอยู่ข้างถนนบางลา พระอาทิตย์ตกที่สวยงาม แต่ไม่สามารถมองเห็นมันได้เหนือขอบฟ้า ชายหาดยอดนิยมทั่วไป
the beach is generally clean with enough swimming space and planty of activities to do. it is also close to the shopping centers and restaurants. the loungers are reasonably priced.,ชายหาดโดยทั่วไปสะอาดมีพื้นที่เล่นน้ำเพียงพอและมีกิจกรรมให้ทำมากมาย นอกจากนี้ยังใกล้กับศูนย์การค้าและร้านอาหาร เก้าอี้มีราคาสมเหตุสมผล
"this beach has everything exactly where you need it. the people at the restaurants are super friendly. you have the options of umbrellas and chairs to enjoy some much needed shade. it is a great beach to swim at or try out some adventure sports. i personally enjoyed watching the gorgeous sunsets. it is really peaceful. if you looking for somewhere to see the new year in, this is a great spot. if you have never been, check it out",ชายหาดนี้มีทุกสิ่งที่คุณต้องการ ผู้คนที่ร้านอาหารเป็นกันเองสุด ๆ คุณมีตัวเลือกของร่มและเก้าอี้ที่จะเพลิดเพลินไปกับร่มเงาที่จำเป็นมาก มันเป็นชายหาดที่ดีในการว่ายน้ำหรือลองเล่นกีฬาผจญภัย ฉันสนุกกับการดูพระอาทิตย์ตกที่สวยงาม มันสงบจริงๆ หากคุณกำลังมองหาสถานที่เพื่อดูปีใหม่นี้เป็นจุดที่ดีมาก ถ้าคุณยังไม่เคยไปให้ลองดู
"it was our second stay there. very nice place for swimming and sunbathing. excelent service whole day, many offers from local sellers for many of local products or drinks. behind the beach are many of streetpoints for local of thai food.",มันเป็นการพักครั้งที่สองของเราที่นั่น เป็นสถานที่ที่ดีมากสำหรับการว่ายน้ำและอาบแดด บริการที่ยอดเยี่ยมตลอดทั้งวันข้อเสนอมากมายจากผู้ขายในท้องถิ่นสำหรับผลิตภัณฑ์หรือเครื่องดื่มในท้องถิ่นมากมาย ด้านหลังชายหาดมีจุดที่น่าสนใจมากมายสำหรับอาหารท้องถิ่น